-- phpMyAdmin SQL Dump
-- version 5.2.1
-- https://www.phpmyadmin.net/
--
-- Host: 127.0.0.1
-- Generation Time: Jun 19, 2024 at 09:37 PM
-- Server version: 10.4.28-MariaDB
-- PHP Version: 8.2.4

SET SQL_MODE = "NO_AUTO_VALUE_ON_ZERO";
START TRANSACTION;
SET time_zone = "+00:00";


/*!40101 SET @OLD_CHARACTER_SET_CLIENT=@@CHARACTER_SET_CLIENT */;
/*!40101 SET @OLD_CHARACTER_SET_RESULTS=@@CHARACTER_SET_RESULTS */;
/*!40101 SET @OLD_COLLATION_CONNECTION=@@COLLATION_CONNECTION */;
/*!40101 SET NAMES utf8mb4 */;

--
-- Database: `db_aras`
--

-- --------------------------------------------------------

--
-- Table structure for table `admin`
--

CREATE TABLE `admin` (
  `username` varchar(20) NOT NULL,
  `password` varchar(256) NOT NULL,
  `nama_lengkap` varchar(30) NOT NULL,
  `img_dir` varchar(256) NOT NULL
) ENGINE=MyISAM DEFAULT CHARSET=latin1 COLLATE=latin1_swedish_ci;

--
-- Dumping data for table `admin`
--

INSERT INTO `admin` (`username`, `password`, `nama_lengkap`, `img_dir`) VALUES
('admin', '$2y$10$YJMlsasuDDlkgqAUS/.XdOeu/6/gPq1Z9dr1xAe.j40T8TtjfnD5S', 'Administrator', 'image/1638426625.png');

-- --------------------------------------------------------

--
-- Table structure for table `tb_alternatif`
--

CREATE TABLE `tb_alternatif` (
  `alternatif_id` int(11) NOT NULL,
  `nama_siswa` varchar(255) NOT NULL
) ENGINE=InnoDB DEFAULT CHARSET=latin1 COLLATE=latin1_swedish_ci;

--
-- Dumping data for table `tb_alternatif`
--

INSERT INTO `tb_alternatif` (`alternatif_id`, `nama_siswa`) VALUES
(1, 'ABI NUBLI'),
(2, 'ALFAN'),
(3, 'AMANDA'),
(4, 'ARYA'),
(5, 'AYUB ALAMSYAH'),
(6, 'ELEN PUTRIANI'),
(7, 'FADHAN RIMBA'),
(8, 'FARHAN'),
(9, 'FAUZAL'),
(10, 'FITRI'),
(11, 'GITA ISMI NURAIN'),
(12, 'INDI AULIA'),
(13, 'INTAN ANINDYA'),
(14, 'MAYA ASIFAH'),
(15, 'MOH.AGUS PRADITYA'),
(16, 'MOH.DANIL'),
(17, 'MUH.RIFKAL'),
(18, 'MUHAAMAD EFFENDY'),
(19, 'SUCI DWI PRATIWI'),
(20, 'TIARA LESTARI'),
(21, 'ABIL ZAHID'),
(22, 'ALIF LAMIM'),
(23, 'ALIF RAMADHAN'),
(24, 'ASLIKA RARA MEKA'),
(25, 'FATNUR'),
(26, 'JUAN SETIAWAN'),
(27, 'JUNSAHID'),
(28, 'MASNUN'),
(29, 'MOH.HIKMAL'),
(30, 'MOH.RIFAI'),
(31, 'NASFAH FATHIN ZAFIRAH'),
(32, 'NESYA'),
(33, 'NUR AMANDA'),
(34, 'REVA'),
(35, 'REVAN PRASETYA'),
(36, 'RIFKI ARIANTO'),
(37, 'SARTIN'),
(38, 'SILVA RAMADHANI'),
(39, 'TAUFIK');

-- --------------------------------------------------------

--
-- Table structure for table `tb_kriteria`
--

CREATE TABLE `tb_kriteria` (
  `kriteria_id` int(11) NOT NULL,
  `kode_kriteria` varchar(5) NOT NULL,
  `kriteria` varchar(20) NOT NULL,
  `nilai_kriteria` int(11) NOT NULL
) ENGINE=InnoDB DEFAULT CHARSET=latin1 COLLATE=latin1_swedish_ci;

--
-- Dumping data for table `tb_kriteria`
--

INSERT INTO `tb_kriteria` (`kriteria_id`, `kode_kriteria`, `kriteria`, `nilai_kriteria`) VALUES
(1, 'C1', 'PAI', 10),
(2, 'C2', 'UKK', 5),
(3, 'C3', 'PKN', 10),
(4, 'C4', 'BINDO', 10),
(5, 'C5', 'MTK', 10),
(6, 'C6', 'SEJARAH', 10),
(7, 'C7', 'BING', 10),
(8, 'C8', 'SENI BUDAYA', 10),
(9, 'C9', 'PJOK', 10),
(10, 'C10', 'SIMDIG', 5),
(11, 'C11', 'MULOK', 5),
(12, 'C12', 'FISIKA', 5),
(13, 'C13', 'KIMIA', 5),
(14, 'C14', 'BIOLOGI', 5),
(15, 'C15', 'DASAR PROGRAM KRITER', 5),
(16, 'C16', 'KOMPPETENSI KEAHLIAN', 5);

-- --------------------------------------------------------

--
-- Table structure for table `tb_penilaian`
--

CREATE TABLE `tb_penilaian` (
  `penilaian_id` int(11) NOT NULL,
  `alternatif_id` int(11) NOT NULL,
  `kode_kriteria` varchar(5) NOT NULL,
  `nilai` int(11) NOT NULL
) ENGINE=InnoDB DEFAULT CHARSET=latin1 COLLATE=latin1_swedish_ci;

--
-- Dumping data for table `tb_penilaian`
--

INSERT INTO `tb_penilaian` (`penilaian_id`, `alternatif_id`, `kode_kriteria`, `nilai`) VALUES
(1, 1, 'C1', 90),
(2, 1, 'C2', 80),
(3, 1, 'C3', 87),
(4, 1, 'C4', 91),
(5, 1, 'C5', 82),
(6, 1, 'C6', 90),
(7, 1, 'C7', 86),
(8, 1, 'C8', 90),
(9, 1, 'C9', 90),
(10, 1, 'C10', 88),
(11, 1, 'C11', 88),
(12, 1, 'C12', 81),
(13, 1, 'C13', 82),
(14, 1, 'C14', 0),
(15, 1, 'C15', 90),
(16, 1, 'C16', 90),
(17, 1, 'C1', 90),
(18, 1, 'C2', 80),
(19, 1, 'C3', 87),
(20, 1, 'C4', 91),
(21, 1, 'C5', 82),
(22, 1, 'C6', 90),
(23, 1, 'C7', 86),
(24, 1, 'C8', 90),
(25, 1, 'C9', 90),
(26, 1, 'C10', 88),
(27, 1, 'C11', 88),
(28, 1, 'C12', 81),
(29, 1, 'C13', 82),
(30, 1, 'C14', 0),
(31, 1, 'C15', 90),
(32, 1, 'C16', 90),
(33, 2, 'C1', 79),
(34, 2, 'C2', 80),
(35, 2, 'C3', 85),
(36, 2, 'C4', 84),
(37, 2, 'C5', 80),
(38, 2, 'C6', 90),
(39, 2, 'C7', 81),
(40, 2, 'C8', 90),
(41, 2, 'C9', 80),
(42, 2, 'C10', 87),
(43, 2, 'C11', 87),
(44, 2, 'C12', 80),
(45, 2, 'C13', 80),
(46, 2, 'C14', 0),
(47, 2, 'C15', 89),
(48, 2, 'C16', 89),
(49, 3, 'C1', 90),
(50, 3, 'C2', 99),
(51, 3, 'C3', 93),
(52, 3, 'C4', 90),
(53, 3, 'C5', 85),
(54, 3, 'C6', 90),
(55, 3, 'C7', 86),
(56, 3, 'C8', 90),
(57, 3, 'C9', 90),
(58, 3, 'C10', 90),
(59, 3, 'C11', 90),
(60, 3, 'C12', 84),
(61, 3, 'C13', 85),
(62, 3, 'C14', 0),
(63, 3, 'C15', 91),
(64, 3, 'C16', 91),
(65, 4, 'C1', 80),
(66, 4, 'C2', 80),
(67, 4, 'C3', 93),
(68, 4, 'C4', 86),
(69, 4, 'C5', 85),
(70, 4, 'C6', 90),
(71, 4, 'C7', 81),
(72, 4, 'C8', 90),
(73, 4, 'C9', 85),
(74, 4, 'C10', 88),
(75, 4, 'C11', 88),
(76, 4, 'C12', 82),
(77, 4, 'C13', 81),
(78, 4, 'C14', 0),
(79, 4, 'C15', 88),
(80, 4, 'C16', 88),
(81, 5, 'C1', 80),
(82, 5, 'C2', 85),
(83, 5, 'C3', 90),
(84, 5, 'C4', 84),
(85, 5, 'C5', 80),
(86, 5, 'C6', 90),
(87, 5, 'C7', 82),
(88, 5, 'C8', 90),
(89, 5, 'C9', 95),
(90, 5, 'C10', 88),
(91, 5, 'C11', 88),
(92, 5, 'C12', 83),
(93, 5, 'C13', 81),
(94, 5, 'C14', 0),
(95, 5, 'C15', 89),
(96, 5, 'C16', 89),
(97, 6, 'C1', 85),
(98, 6, 'C2', 0),
(99, 6, 'C3', 92),
(100, 6, 'C4', 85),
(101, 6, 'C5', 80),
(102, 6, 'C6', 90),
(103, 6, 'C7', 83),
(104, 6, 'C8', 90),
(105, 6, 'C9', 85),
(106, 6, 'C10', 89),
(107, 6, 'C11', 89),
(108, 6, 'C12', 82),
(109, 6, 'C13', 83),
(110, 6, 'C14', 0),
(111, 6, 'C15', 90),
(112, 6, 'C16', 90),
(113, 7, 'C1', 80),
(114, 7, 'C2', 80),
(115, 7, 'C3', 90),
(116, 7, 'C4', 90),
(117, 7, 'C5', 80),
(118, 7, 'C6', 90),
(119, 7, 'C7', 81),
(120, 7, 'C8', 90),
(121, 7, 'C9', 85),
(122, 7, 'C10', 90),
(123, 7, 'C11', 90),
(124, 7, 'C12', 84),
(125, 7, 'C13', 83),
(126, 7, 'C14', 0),
(127, 7, 'C15', 88),
(128, 7, 'C16', 88),
(129, 8, 'C1', 80),
(130, 8, 'C2', 80),
(131, 8, 'C3', 90),
(132, 8, 'C4', 86),
(133, 8, 'C5', 81),
(134, 8, 'C6', 90),
(135, 8, 'C7', 81),
(136, 8, 'C8', 90),
(137, 8, 'C9', 95),
(138, 8, 'C10', 89),
(139, 8, 'C11', 89),
(140, 8, 'C12', 81),
(141, 8, 'C13', 81),
(142, 8, 'C14', 0),
(143, 8, 'C15', 88),
(144, 8, 'C16', 88),
(145, 9, 'C1', 80),
(146, 9, 'C2', 80),
(147, 9, 'C3', 92),
(148, 9, 'C4', 88),
(149, 9, 'C5', 80),
(150, 9, 'C6', 90),
(151, 9, 'C7', 82),
(152, 9, 'C8', 90),
(153, 9, 'C9', 90),
(154, 9, 'C10', 90),
(155, 9, 'C11', 90),
(156, 9, 'C12', 83),
(157, 9, 'C13', 82),
(158, 9, 'C14', 0),
(159, 9, 'C15', 89),
(160, 9, 'C16', 89),
(161, 10, 'C1', 90),
(162, 10, 'C2', 80),
(163, 10, 'C3', 90),
(164, 10, 'C4', 88),
(165, 10, 'C5', 85),
(166, 10, 'C6', 90),
(167, 10, 'C7', 84),
(168, 10, 'C8', 90),
(169, 10, 'C9', 85),
(170, 10, 'C10', 90),
(171, 10, 'C11', 90),
(172, 10, 'C12', 84),
(173, 10, 'C13', 85),
(174, 10, 'C14', 0),
(175, 10, 'C15', 90),
(176, 10, 'C16', 90),
(177, 11, 'C1', 90),
(178, 11, 'C2', 99),
(179, 11, 'C3', 95),
(180, 11, 'C4', 91),
(181, 11, 'C5', 89),
(182, 11, 'C6', 95),
(183, 11, 'C7', 87),
(184, 11, 'C8', 92),
(185, 11, 'C9', 95),
(186, 11, 'C10', 93),
(187, 11, 'C11', 93),
(188, 11, 'C12', 89),
(189, 11, 'C13', 90),
(190, 11, 'C14', 0),
(191, 11, 'C15', 95),
(192, 11, 'C16', 95),
(193, 12, 'C1', 85),
(194, 12, 'C2', 80),
(195, 12, 'C3', 90),
(196, 12, 'C4', 88),
(197, 12, 'C5', 80),
(198, 12, 'C6', 90),
(199, 12, 'C7', 82),
(200, 12, 'C8', 90),
(201, 12, 'C9', 85),
(202, 12, 'C10', 90),
(203, 12, 'C11', 90),
(204, 12, 'C12', 82),
(205, 12, 'C13', 83),
(206, 12, 'C14', 0),
(207, 12, 'C15', 90),
(208, 12, 'C16', 90),
(209, 13, 'C1', 90),
(210, 13, 'C2', 85),
(211, 13, 'C3', 95),
(212, 13, 'C4', 91),
(213, 13, 'C5', 85),
(214, 13, 'C6', 95),
(215, 13, 'C7', 87),
(216, 13, 'C8', 91),
(217, 13, 'C9', 95),
(218, 13, 'C10', 90),
(219, 13, 'C11', 90),
(220, 13, 'C12', 87),
(221, 13, 'C13', 88),
(222, 13, 'C14', 0),
(223, 13, 'C15', 94),
(224, 13, 'C16', 94),
(225, 14, 'C1', 89),
(226, 14, 'C2', 80),
(227, 14, 'C3', 92),
(228, 14, 'C4', 91),
(229, 14, 'C5', 85),
(230, 14, 'C6', 95),
(231, 14, 'C7', 86),
(232, 14, 'C8', 90),
(233, 14, 'C9', 90),
(234, 14, 'C10', 90),
(235, 14, 'C11', 90),
(236, 14, 'C12', 89),
(237, 14, 'C13', 87),
(238, 14, 'C14', 0),
(239, 14, 'C15', 91),
(240, 14, 'C16', 91),
(241, 15, 'C1', 86),
(242, 15, 'C2', 85),
(243, 15, 'C3', 90),
(244, 15, 'C4', 88),
(245, 15, 'C5', 80),
(246, 15, 'C6', 90),
(247, 15, 'C7', 84),
(248, 15, 'C8', 90),
(249, 15, 'C9', 95),
(250, 15, 'C10', 90),
(251, 15, 'C11', 90),
(252, 15, 'C12', 85),
(253, 15, 'C13', 84),
(254, 15, 'C14', 0),
(255, 15, 'C15', 92),
(256, 15, 'C16', 92),
(257, 16, 'C1', 80),
(258, 16, 'C2', 80),
(259, 16, 'C3', 87),
(260, 16, 'C4', 84),
(261, 16, 'C5', 80),
(262, 16, 'C6', 90),
(263, 16, 'C7', 82),
(264, 16, 'C8', 90),
(265, 16, 'C9', 90),
(266, 16, 'C10', 89),
(267, 16, 'C11', 89),
(268, 16, 'C12', 85),
(269, 16, 'C13', 83),
(270, 16, 'C14', 0),
(271, 16, 'C15', 89),
(272, 16, 'C16', 89),
(273, 17, 'C1', 80),
(274, 17, 'C2', 80),
(275, 17, 'C3', 85),
(276, 17, 'C4', 86),
(277, 17, 'C5', 80),
(278, 17, 'C6', 90),
(279, 17, 'C7', 81),
(280, 17, 'C8', 90),
(281, 17, 'C9', 85),
(282, 17, 'C10', 87),
(283, 17, 'C11', 87),
(284, 17, 'C12', 80),
(285, 17, 'C13', 80),
(286, 17, 'C14', 0),
(287, 17, 'C15', 87),
(288, 17, 'C16', 87),
(289, 18, 'C1', 80),
(290, 18, 'C2', 99),
(291, 18, 'C3', 87),
(292, 18, 'C4', 90),
(293, 18, 'C5', 85),
(294, 18, 'C6', 90),
(295, 18, 'C7', 84),
(296, 18, 'C8', 90),
(297, 18, 'C9', 85),
(298, 18, 'C10', 88),
(299, 18, 'C11', 88),
(300, 18, 'C12', 82),
(301, 18, 'C13', 81),
(302, 18, 'C14', 0),
(303, 18, 'C15', 91),
(304, 18, 'C16', 91),
(305, 19, 'C1', 90),
(306, 19, 'C2', 85),
(307, 19, 'C3', 93),
(308, 19, 'C4', 91),
(309, 19, 'C5', 85),
(310, 19, 'C6', 95),
(311, 19, 'C7', 83),
(312, 19, 'C8', 90),
(313, 19, 'C9', 85),
(314, 19, 'C10', 90),
(315, 19, 'C11', 90),
(316, 19, 'C12', 85),
(317, 19, 'C13', 84),
(318, 19, 'C14', 0),
(319, 19, 'C15', 90),
(320, 19, 'C16', 90),
(321, 20, 'C1', 89),
(322, 20, 'C2', 80),
(323, 20, 'C3', 90),
(324, 20, 'C4', 88),
(325, 20, 'C5', 82),
(326, 20, 'C6', 90),
(327, 20, 'C7', 82),
(328, 20, 'C8', 90),
(329, 20, 'C9', 85),
(330, 20, 'C10', 89),
(331, 20, 'C11', 89),
(332, 20, 'C12', 82),
(333, 20, 'C13', 82),
(334, 20, 'C14', 0),
(335, 20, 'C15', 89),
(336, 20, 'C16', 89),
(337, 21, 'C1', 78),
(338, 21, 'C2', 85),
(339, 21, 'C3', 90),
(340, 21, 'C4', 85),
(341, 21, 'C5', 80),
(342, 21, 'C6', 90),
(343, 21, 'C7', 81),
(344, 21, 'C8', 90),
(345, 21, 'C9', 80),
(346, 21, 'C10', 87),
(347, 21, 'C11', 87),
(348, 21, 'C12', 80),
(349, 21, 'C13', 80),
(350, 21, 'C14', 0),
(351, 21, 'C15', 88),
(352, 21, 'C16', 88),
(353, 22, 'C1', 80),
(354, 22, 'C2', 80),
(355, 22, 'C3', 92),
(356, 22, 'C4', 87),
(357, 22, 'C5', 80),
(358, 22, 'C6', 90),
(359, 22, 'C7', 82),
(360, 22, 'C8', 90),
(361, 22, 'C9', 95),
(362, 22, 'C10', 87),
(363, 22, 'C11', 87),
(364, 22, 'C12', 81),
(365, 22, 'C13', 82),
(366, 22, 'C14', 0),
(367, 22, 'C15', 88),
(368, 22, 'C16', 88),
(369, 23, 'C1', 79),
(370, 23, 'C2', 80),
(371, 23, 'C3', 90),
(372, 23, 'C4', 85),
(373, 23, 'C5', 80),
(374, 23, 'C6', 90),
(375, 23, 'C7', 81),
(376, 23, 'C8', 90),
(377, 23, 'C9', 85),
(378, 23, 'C10', 88),
(379, 23, 'C11', 88),
(380, 23, 'C12', 80),
(381, 23, 'C13', 80),
(382, 23, 'C14', 0),
(383, 23, 'C15', 89),
(384, 23, 'C16', 89),
(385, 24, 'C1', 90),
(386, 24, 'C2', 100),
(387, 24, 'C3', 95),
(388, 24, 'C4', 91),
(389, 24, 'C5', 89),
(390, 24, 'C6', 95),
(391, 24, 'C7', 87),
(392, 24, 'C8', 90),
(393, 24, 'C9', 90),
(394, 24, 'C10', 93),
(395, 24, 'C11', 93),
(396, 24, 'C12', 90),
(397, 24, 'C13', 89),
(398, 24, 'C14', 0),
(399, 24, 'C15', 95),
(400, 24, 'C16', 95),
(401, 25, 'C1', 89),
(402, 25, 'C2', 90),
(403, 25, 'C3', 93),
(404, 25, 'C4', 84),
(405, 25, 'C5', 85),
(406, 25, 'C6', 80),
(407, 25, 'C7', 82),
(408, 25, 'C8', 90),
(409, 25, 'C9', 95),
(410, 25, 'C10', 90),
(411, 25, 'C11', 90),
(412, 25, 'C12', 82),
(413, 25, 'C13', 85),
(414, 25, 'C14', 0),
(415, 25, 'C15', 90),
(416, 25, 'C16', 90),
(417, 26, 'C1', 80),
(418, 26, 'C2', 80),
(419, 26, 'C3', 90),
(420, 26, 'C4', 86),
(421, 26, 'C5', 80),
(422, 26, 'C6', 90),
(423, 26, 'C7', 82),
(424, 26, 'C8', 90),
(425, 26, 'C9', 85),
(426, 26, 'C10', 87),
(427, 26, 'C11', 87),
(428, 26, 'C12', 82),
(429, 26, 'C13', 83),
(430, 26, 'C14', 0),
(431, 26, 'C15', 87),
(432, 26, 'C16', 87),
(433, 27, 'C1', 78),
(434, 27, 'C2', 80),
(435, 27, 'C3', 87),
(436, 27, 'C4', 85),
(437, 27, 'C5', 80),
(438, 27, 'C6', 90),
(439, 27, 'C7', 81),
(440, 27, 'C8', 90),
(441, 27, 'C9', 80),
(442, 27, 'C10', 87),
(443, 27, 'C11', 87),
(444, 27, 'C12', 80),
(445, 27, 'C13', 80),
(446, 27, 'C14', 0),
(447, 27, 'C15', 87),
(448, 27, 'C16', 87),
(449, 28, 'C1', 90),
(450, 28, 'C2', 80),
(451, 28, 'C3', 93),
(452, 28, 'C4', 90),
(453, 28, 'C5', 85),
(454, 28, 'C6', 90),
(455, 28, 'C7', 83),
(456, 28, 'C8', 90),
(457, 28, 'C9', 95),
(458, 28, 'C10', 90),
(459, 28, 'C11', 90),
(460, 28, 'C12', 85),
(461, 28, 'C13', 84),
(462, 28, 'C14', 0),
(463, 28, 'C15', 90),
(464, 28, 'C16', 90),
(465, 29, 'C1', 80),
(466, 29, 'C2', 80),
(467, 29, 'C3', 90),
(468, 29, 'C4', 86),
(469, 29, 'C5', 80),
(470, 29, 'C6', 90),
(471, 29, 'C7', 81),
(472, 29, 'C8', 90),
(473, 29, 'C9', 80),
(474, 29, 'C10', 88),
(475, 29, 'C11', 88),
(476, 29, 'C12', 80),
(477, 29, 'C13', 80),
(478, 29, 'C14', 0),
(479, 29, 'C15', 87),
(480, 29, 'C16', 87),
(481, 30, 'C1', 84),
(482, 30, 'C2', 80),
(483, 30, 'C3', 90),
(484, 30, 'C4', 88),
(485, 30, 'C5', 82),
(486, 30, 'C6', 90),
(487, 30, 'C7', 82),
(488, 30, 'C8', 90),
(489, 30, 'C9', 95),
(490, 30, 'C10', 88),
(491, 30, 'C11', 88),
(492, 30, 'C12', 82),
(493, 30, 'C13', 81),
(494, 30, 'C14', 0),
(495, 30, 'C15', 89),
(496, 30, 'C16', 89),
(497, 31, 'C1', 80),
(498, 31, 'C2', 80),
(499, 31, 'C3', 92),
(500, 31, 'C4', 86),
(501, 31, 'C5', 85),
(502, 31, 'C6', 90),
(503, 31, 'C7', 81),
(504, 31, 'C8', 90),
(505, 31, 'C9', 80),
(506, 31, 'C10', 90),
(507, 31, 'C11', 90),
(508, 31, 'C12', 82),
(509, 31, 'C13', 80),
(510, 31, 'C14', 0),
(511, 31, 'C15', 89),
(512, 31, 'C16', 89),
(513, 32, 'C1', 90),
(514, 32, 'C2', 80),
(515, 32, 'C3', 93),
(516, 32, 'C4', 86),
(517, 32, 'C5', 80),
(518, 32, 'C6', 90),
(519, 32, 'C7', 82),
(520, 32, 'C8', 91),
(521, 32, 'C9', 95),
(522, 32, 'C10', 91),
(523, 32, 'C11', 91),
(524, 32, 'C12', 80),
(525, 32, 'C13', 82),
(526, 32, 'C14', 0),
(527, 32, 'C15', 90),
(528, 32, 'C16', 90),
(529, 33, 'C1', 90),
(530, 33, 'C2', 85),
(531, 33, 'C3', 95),
(532, 33, 'C4', 88),
(533, 33, 'C5', 89),
(534, 33, 'C6', 90),
(535, 33, 'C7', 87),
(536, 33, 'C8', 93),
(537, 33, 'C9', 95),
(538, 33, 'C10', 94),
(539, 33, 'C11', 94),
(540, 33, 'C12', 88),
(541, 33, 'C13', 86),
(542, 33, 'C14', 0),
(543, 33, 'C15', 95),
(544, 33, 'C16', 95),
(545, 34, 'C1', 89),
(546, 34, 'C2', 80),
(547, 34, 'C3', 85),
(548, 34, 'C4', 86),
(549, 34, 'C5', 85),
(550, 34, 'C6', 90),
(551, 34, 'C7', 82),
(552, 34, 'C8', 90),
(553, 34, 'C9', 95),
(554, 34, 'C10', 90),
(555, 34, 'C11', 90),
(556, 34, 'C12', 82),
(557, 34, 'C13', 82),
(558, 34, 'C14', 0),
(559, 34, 'C15', 90),
(560, 34, 'C16', 90),
(561, 35, 'C1', 80),
(562, 35, 'C2', 80),
(563, 35, 'C3', 87),
(564, 35, 'C4', 86),
(565, 35, 'C5', 80),
(566, 35, 'C6', 90),
(567, 35, 'C7', 81),
(568, 35, 'C8', 90),
(569, 35, 'C9', 85),
(570, 35, 'C10', 89),
(571, 35, 'C11', 89),
(572, 35, 'C12', 80),
(573, 35, 'C13', 80),
(574, 35, 'C14', 0),
(575, 35, 'C15', 89),
(576, 35, 'C16', 89),
(577, 36, 'C1', 90),
(578, 36, 'C2', 80),
(579, 36, 'C3', 90),
(580, 36, 'C4', 88),
(581, 36, 'C5', 85),
(582, 36, 'C6', 90),
(583, 36, 'C7', 93),
(584, 36, 'C8', 90),
(585, 36, 'C9', 90),
(586, 36, 'C10', 89),
(587, 36, 'C11', 89),
(588, 36, 'C12', 82),
(589, 36, 'C13', 83),
(590, 36, 'C14', 0),
(591, 36, 'C15', 90),
(592, 36, 'C16', 90),
(593, 37, 'C1', 90),
(594, 37, 'C2', 80),
(595, 37, 'C3', 95),
(596, 37, 'C4', 90),
(597, 37, 'C5', 85),
(598, 37, 'C6', 90),
(599, 37, 'C7', 82),
(600, 37, 'C8', 90),
(601, 37, 'C9', 80),
(602, 37, 'C10', 91),
(603, 37, 'C11', 91),
(604, 37, 'C12', 82),
(605, 37, 'C13', 82),
(606, 37, 'C14', 0),
(607, 37, 'C15', 94),
(608, 37, 'C16', 94),
(609, 38, 'C1', 88),
(610, 38, 'C2', 80),
(611, 38, 'C3', 90),
(612, 38, 'C4', 86),
(613, 38, 'C5', 80),
(614, 38, 'C6', 90),
(615, 38, 'C7', 82),
(616, 38, 'C8', 90),
(617, 38, 'C9', 80),
(618, 38, 'C10', 89),
(619, 38, 'C11', 89),
(620, 38, 'C12', 81),
(621, 38, 'C13', 81),
(622, 38, 'C14', 0),
(623, 38, 'C15', 90),
(624, 38, 'C16', 90),
(625, 39, 'C1', 90),
(626, 39, 'C2', 90),
(627, 39, 'C3', 93),
(628, 39, 'C4', 91),
(629, 39, 'C5', 85),
(630, 39, 'C6', 95),
(631, 39, 'C7', 85),
(632, 39, 'C8', 92),
(633, 39, 'C9', 95),
(634, 39, 'C10', 94),
(635, 39, 'C11', 94),
(636, 39, 'C12', 86),
(637, 39, 'C13', 85),
(638, 39, 'C14', 0),
(639, 39, 'C15', 95),
(640, 39, 'C16', 95);

--
-- Indexes for dumped tables
--

--
-- Indexes for table `admin`
--
ALTER TABLE `admin`
  ADD PRIMARY KEY (`username`);

--
-- Indexes for table `tb_alternatif`
--
ALTER TABLE `tb_alternatif`
  ADD PRIMARY KEY (`alternatif_id`);

--
-- Indexes for table `tb_kriteria`
--
ALTER TABLE `tb_kriteria`
  ADD PRIMARY KEY (`kriteria_id`);

--
-- Indexes for table `tb_penilaian`
--
ALTER TABLE `tb_penilaian`
  ADD PRIMARY KEY (`penilaian_id`);

--
-- AUTO_INCREMENT for dumped tables
--

--
-- AUTO_INCREMENT for table `tb_alternatif`
--
ALTER TABLE `tb_alternatif`
  MODIFY `alternatif_id` int(11) NOT NULL AUTO_INCREMENT, AUTO_INCREMENT=40;

--
-- AUTO_INCREMENT for table `tb_kriteria`
--
ALTER TABLE `tb_kriteria`
  MODIFY `kriteria_id` int(11) NOT NULL AUTO_INCREMENT, AUTO_INCREMENT=17;

--
-- AUTO_INCREMENT for table `tb_penilaian`
--
ALTER TABLE `tb_penilaian`
  MODIFY `penilaian_id` int(11) NOT NULL AUTO_INCREMENT, AUTO_INCREMENT=641;
COMMIT;

/*!40101 SET CHARACTER_SET_CLIENT=@OLD_CHARACTER_SET_CLIENT */;
/*!40101 SET CHARACTER_SET_RESULTS=@OLD_CHARACTER_SET_RESULTS */;
/*!40101 SET COLLATION_CONNECTION=@OLD_COLLATION_CONNECTION */;
